year,usa_stocks,usa_bonds,europe_stocks,europe_bonds,germany_stocks,germany_bonds
2008,-36.088077529291326,17.083143909244548,-44.927128135938155,9.51683967452075,-39.487561776798294,9.11698727829715
2009,26.464233829787442,-6.593204180858181,27.009470615494745,4.786639388848357,23.849942494840782,-1.3555699647411323
2010,15.063403486394566,9.359716440796028,10.102214845580605,-0.5061937172886388,16.059940903957504,2.6734680602434224
2011,2.111815385723914,15.64981236934775,-11.567329290616646,3.900583724529416,-14.69210207354229,8.046701865005733
2012,16.003224238602698,3.663918167500202,14.251160681320663,14.059771478010475,29.059652456770667,2.0870551223888922
2013,32.38848466970672,-6.090176624098365,20.628916030534363,2.5660065944474786,25.4817473184233,-1.9807109800629608
2014,13.688358376181654,9.068103743888688,7.368979085102012,16.689913959079018,2.6526947234202902,11.51361148752641
2015,1.3837640885860925,1.5078525810885424,10.937932583411403,1.7770318036985033,9.560503792345742,0.5276706427838729
2016,11.95991330631534,1.0015791614855551,1.5617253364114347,3.7391048169062913,6.870046856413348,3.551009884161971
2017,21.831591555840802,2.552908545750543,10.66584625308038,1.0817009045993142,12.51260886965242,-1.1234720792253072
2018,-4.384233324703168,0.9877588593139475,-10.986715698502614,1.0276235655353405,-18.259370532799334,2.3520173092658414
2019,31.486361792387175,8.029515712735801,28.414485138176747,6.779847733033351,25.47646562388004,2.531053734496136
2020,18.398831564768447,10.006717718923275,-1.8035042990464545,4.204276308024268,3.5457027817379583,2.0812133468521843
2021,28.705369259327938,-3.32780781243156,24.5728484247103,-3.0002098620919737,15.78915934909313,-2.390168258489822
2022,-18.110888886302988,-15.155194361035928,-10.335023544806887,-19.872452201201295,-12.34679099725029,-17.271260359875274
2023,26.287659524670293,3.644423319725343,15.457200310583508,8.80350342223004,20.311218679853972,6.255893370635146
2024,25.0196819160305,-0.6342291752791773,8.504538535756211,0.9306267395341461,18.848900061094763,-0.03832128732740303
2025,17.879972203280303,8.03196164277875,20.488990396958194,1.723304384272284,23.010885389484258,-0.38282122587647294
